player_key,full_name
naderab01,Abdel Nader
rillegr01,Grant Riller
ingrabr01,Brandon Ingram
turnemy01,Myles Turner
mykhasv01,Svi Mykhailiuk
vonleno01,Noah Vonleh
curryse01,Seth Curry
greenja02,Javonte Green
knighna01,Nathan Knight
houseda01,Danuel House Jr
smithja04,Jalen Smith
okafoja01,Jahlil Okafor
culveja01,Jarrett Culver
carteje01,Jevon Carter
okongon01,Onyeka Okongwu
forbebr01,Bryn Forbes
leaftj01,TJ Leaf
smithis01,Ish Smith
brimaam01,Amida Brimah
balllo01,Lonzo Ball
johnsca02,Cameron Johnson
bogdabo02,Bojan Bogdanovic
sabondo01,Domantas Sabonis
jonesty01,Tyus Jones
favorde01,Derrick Favors
nnajize01,Zeke Nnaji
lamban01,Anthony Lamb
mccolcj01,CJ McCollum
edwaran01,Anthony Edwards
willizi01,Zion Williamson
bjeline01,Nemanja Bjelica
mcgruro01,Rodney McGruder
bullore01,Reggie Bullock
hasleud01,Udonis Haslem
stevela01,Lamar Stevens
scrubja01,Jay Scrubb
horfoal01,Al Horford
portejo01,Jontay Porter
jamesle01,LeBron James
holidjr01,Jrue Holiday
okpalkz01,KZ Okpala
oturuda01,Daniel Oturu
brogdma01,Malcolm Brogdon
tatumja01,Jayson Tatum
mooreet01,E'Twaun Moore
loveke01,Kevin Love
leverca01,Caris LeVert
mannte01,Terance Mann
maledth01,Theo Maledon
pritcpa01,Payton Pritchard
huntede01,De'Andre Hunter
randlch01,Chasson Randle
muldemy01,Mychal Mulder
netora01,Raul Neto
okogijo01,Josh Okogie
hayeski01,Killian Hayes
leeda03,Damion Lee
theisda01,Daniel Theis
holidaa01,Aaron Holiday
luwawti01,Timothe Luwawu-Cabarrot
boldema01,Marques Bolden
hillso01,Solomon Hill
baynear01,Aron Baynes
kurucro01,Rodions Kurucs
lowryky01,Kyle Lowry
reynoca01,Cameron Reynolds
grahade01,Devonte' Graham
toupaax01,Axel Toupane
bledser01,Eric Bledsoe
alexaty01,Ty-Shon Alexander
marshna01,Naji Marshall
milleda01,Darius Miller
pasecan01,Anzejs Pasecniks
thomais02,Isaiah Thomas
rubiori01,Ricky Rubio
iguodan01,Andre Iguodala
konchjo01,John Konchar
chrisma01,Marquese Chriss
okekech01,Chuma Okeke
jonesma05,Mason Jones
maxeyty01,Tyrese Maxey
careyve01,Vernon Carey Jr
harrito02,Tobias Harris
plumlma01,Mason Plumlee
lopezro01,Robin Lopez
beverpa01,Patrick Beverley
stanlca01,Cassius Stanley
conlemi01,Mike Conley
fraziti01,Tim Frazier
duranke01,Kevin Durant
harklma01,Maurice Harkless
porzikr01,Kristaps Porzingis
nesmiaa01,Aaron Nesmith
porteot01,Otto Porter Jr
darlina01,Nate Darling
ramseja01,Jahmi'us Ramsey
jacksju01,Justin Jackson
mathida01,Dakota Mathias
greenja01,JaMychal Green
clarkbr01,Brandon Clarke
martico01,Cody Martin
townska01,Karl-Anthony Towns
mcderdo01,Doug McDermott
ibakase01,Serge Ibaka
gordoaa01,Aaron Gordon
holidju01,Justin Holiday
terryty01,Tyrell Terry
watanyu01,Yuta Watanabe
mcderse01,Sean McDermott
dragigo01,Goran Dragic
richani01,Nick Richards
spaldra01,Ray Spalding
bambamo01,Mo Bamba
belljo01,Jordan Bell
reddica01,Cam Reddish
baglema01,Marvin Bagley III
fultzma01,Markelle Fultz
halljo01,Josh Hall
stewais01,Isaiah Stewart
perryre01,Reggie Perry
caldwke01,Kentavious Caldwell-Pope
birchkh01,Khem Birch
smithde03,Dennis Smith Jr
woodch01,Christian Wood
davised01,Ed Davis
barneha02,Harrison Barnes
markkla01,Lauri Markkanen
morrimo01,Monte Morris
paytoga02,Gary Payton II
carusal01,Alex Caruso
westbru01,Russell Westbrook
rosede01,Derrick Rose
curryst01,Stephen Curry
smailal01,Alen Smailagic
pelleno01,Norvel Pelle
derozde01,DeMar DeRozan
divindo01,Donte DiVincenzo
aminual01,Al-Farouq Aminu
holmeri01,Richaun Holmes
griffbl01,Blake Griffin
niangge01,Georges Niang
masonfr01,Frank Mason III
louzama01,Didi Louzada
jeromty01,Ty Jerome
reedpa01,Paul Reed
leesa01,Saben Lee
merrisa01,Sam Merrill
bridgmi01,Mikal Bridges
banede01,Desmond Bane
zelleco01,Cody Zeller
aldrila01,LaMarcus Aldridge
wisemja01,James Wiseman
watsopa01,Paul Watson
hillge01,George Hill
brownbr01,Bruce Brown
strusma01,Max Strus
mannini01,Nico Mannion
matthwe02,Wesley Matthews
kaminfr01,Frank Kaminsky
cannade01,Devin Cannady
kanteen01,Enes Freedom
morrima03,Marcus Morris
gaffoda01,Daniel Gafford
batumni01,Nicolas Batum
sampsja02,JaKarr Sampson
forretr01,Trent Forrest
looneke01,Kevon Looney
mcdanja01,Jalen McDaniels
clarkga01,Gary Clark
pattepa01,Patrick Patterson
pattoju01,Justin Patton
greenje02,Jeff Green
antetko01,Kostas Antetokounmpo
ellinwa01,Wayne Ellington
foxde01,De'Aaron Fox
thornsi01,Sindarius Thornwell
anthoca01,Carmelo Anthony
avdijde01,Deni Avdija
fergute01,Terrance Ferguson
arcidry01,Ryan Arcidiacono
martica02,Caleb Martin
schrode01,Dennis Schroder
dellama01,Matthew Dellavedova
paytoel01,Elfrid Payton
bookede01,Devin Booker
whitede01,Derrick White
capelca01,Clint Capela
tillmxa01,Xavier Tillman Sr
nunnke01,Kendrick Nunn
cookty01,Tyler Cook
joeis01,Isaiah Joe
mokokad01,Adam Mokoka
brookar01,Armoni Brooks
tuckera01,Rayjon Tucker
beysa01,Saddiq Bey
antetgi01,Giannis Antetokounmpo
simmobe01,Ben Simmons
powelno01,Norman Powell
gasolma01,Marc Gasol
langfro01,Romeo Langford
gilesha01,Harry Giles
arizatr01,Trevor Ariza
murrade01,Dejounte Murray
littlna01,Nassir Little
gordoer01,Eric Gordon
mcdanja02,Jaden McDaniels
bealbr01,Bradley Beal
dotsode01,Devon Dotson
bongais01,Isaac Bonga
portibo01,Bobby Portis
riverau01,Austin Rivers
miltosh01,Shake Milton
diakima01,Mamadi Diakite
azubuud01,Udoka Azubuike
korkmfu01,Furkan Korkmaz
gallola01,Langston Galloway
muscami01,Mike Muscala
bogdabo01,Bogdan Bogdanovic
brownmo01,Moses Brown
greenda02,Danny Green
nurkiju01,Jusuf Nurkic
wilsodj01,DJ Wilson
kuzmaky01,Kyle Kuzma
bonejo01,Jordan Bone
walkelo01,Lonnie Walker IV
simonan01,Anfernee Simons
jeffrda01,DaQuan Jeffries
ojelese01,Semi Ojeleye
mellini01,Nicolo Melli
mccontj01,TJ McConnell
gibsota01,Taj Gibson
bryanel01,Elijah Bryant
fournev01,Evan Fournier
hugheel01,Elijah Hughes
poeltja01,Jakob Poeltl
rosste01,Terrence Ross
robinju01,Justin Robinson
lewiski01,Kira Lewis Jr
robinmi01,Mitchell Robinson
valanjo01,Jonas Valanciunas
beyty01,Tyler Bey
jonesda03,Damian Jones
bridgmi02,Miles Bridges
caulewi01,Willie Cauley-Stein
jokicni01,Nikola Jokic
crowdja01,Jae Crowder
gabriwe01,Wenyen Gabriel
olynyke01,Kelly Olynyk
hardeja01,James Harden
leoname01,Meyers Leonard
vucevni01,Nikola Vucevic
robyis01,Isaiah Roby
winstca01,Cassius Winston
hieldbu01,Buddy Hield
willigr01,Grant Williams
bradlav01,Avery Bradley
holliro01,Rondae Hollis-Jefferson
trentga02,Gary Trent Jr
adamsja01,Jaylen Adams
dedmode01,Dewayne Dedmon
bertada01,Davis Bertans
mclembe01,Ben McLemore
brissos01,Oshae Brissett
willilo02,Lou Williams
garlada01,Darius Garland
harrija01,Jalen Harris
grantje01,Jerami Grant
brazdig01,Ignas Brazdeikis
collijo01,John Collins
dudleja01,Jared Dudley
sumneed01,Edmond Sumner
johnske04,Keldon Johnson
millspa01,Paul Millsap
metuch01,Chimezie Metu
sirvyde01,Deividas Sirvydis
whittgr01,Greg Whittington
cookqu01,Quinn Cook
woodaro01,Robert Woodard II
knoxke01,Kevin Knox
youngtr01,Trae Young
reidna01,Naz Reid
jacksjo02,Josh Jackson
ellenhe01,Henry Ellenson
aytonde01,Deandre Ayton
mitchdo01,Donovan Mitchell
vincega01,Gabe Vincent
ellebcj01,CJ Elleby
jacksre01,Reggie Jackson
browntr01,Troy Brown Jr
kabenmf01,Mfiondu Kabengele
monkma01,Malik Monk
anunoog01,OG Anunoby
pascher01,Eric Paschall
nwabada01,David Nwaba
kennalu01,Luke Kennard
jamesju01,Justin James
diallha01,Hamidou Diallo
wanambr01,Brad Wanamaker
gillefr01,Freddie Gillespie
siakapa01,Pascal Siakam
irvinky01,Kyrie Irving
goberru01,Rudy Gobert
winslju01,Justise Winslow
fernabr01,Bruno Fernando
maneka01,Karim Mane
coffeam01,Amir Coffey
shamela01,Landry Shamet
bembrde01,DeAndre' Bembry
bartowi01,Will Barton
snellto01,Tony Snell
poweldw01,Dwight Powell
bradlto01,Tony Bradley
willipa01,Patrick Williams
howardw01,Dwight Howard
doziepj01,PJ Dozier
thomakh01,Khyri Thomas
flynnma01,Malachi Flynn
halldo01,Donta Hall
hamptrj01,RJ Hampton
williro04,Robert Williams
biyombi01,Bismack Biyombo
johnsty01,Tyler Johnson
oladivi01,Victor Oladipo
frankro01,Robert Franks
middlkh01,Khris Middleton
brookdi01,Dillon Brooks
onealro01,Royce O'Neale
johnsst04,Stanley Johnson
jacksfr01,Frank Jackson
jonesde02,Derrick Jones Jr
wrighde01,Delon Wright
bateske01,Keita Bates-Diop
clarkjo01,Jordan Clarkson
mathega01,Garrison Mathews
greenjo02,Josh Green
satorto01,Tomas Satoransky
noelne01,Nerlens Noel
lopezbr01,Brook Lopez
lenal01,Alex Len
-9999,League Average
beaslma01,Malik Beasley
georgpa01,Paul George
bouchch01,Chris Boucher
gayru01,Rudy Gay
vanvlfr01,Fred VanVleet
dienggo01,Gorgui Dieng
ferreyo01,Yogi Ferrell
hachiru01,Rui Hachimura
bacondw01,Dwayne Bacon
onimi01,Miye Oni
thomama02,Matt Thomas
warretj01,TJ Warren
haywago01,Gordon Hayward
hernawi01,Willy Hernangomez
parkeja01,Jabari Parker
bazemke01,Kent Bazemore
doumbse01,Sekou Doumbouya
hartjo01,Josh Hart
oliveca01,Cameron Oliver
haganas01,Ashton Hagans
harteis01,Isaiah Hartenstein
dortlu01,Luguentz Dort
feliccr01,Cristiano Felicio
wagnemo01,Moritz Wagner
nowelja01,Jaylen Nowell
lambje01,Jeremy Lamb
moranja01,Ja Morant
burketr01,Trey Burke
marjabo01,Boban Marjanovic
greendr01,Draymond Green
ennisja01,James Ennis III
oubreke01,Kelly Oubre Jr
meltode01,De'Anthony Melton
bitadgo01,Goga Bitadze
hayesja02,Jaxson Hayes
cartemi01,Michael Carter-Williams
pinsoth01,Theo Pinson
inglejo01,Joe Ingles
teaguje01,Jeff Teague
makerth01,Thon Maker
valende01,Denzel Valentine
josepco01,Cory Joseph
toppiob01,Obi Toppin
tuckepj01,PJ Tucker
millspa02,Patty Mills
mayssk01,Skylar Mays
johnsal02,Alize Johnson
lylestr01,Trey Lyles
adebaba01,Bam Adebayo
brownst02,Sterling Brown
princta02,Taurean Prince
lillada01,Damian Lillard
thomabr01,Brodric Thomas
hardati02,Tim Hardaway Jr
hintona01,Nate Hinton
tilliki02,Killian Tillie
johnsja01,James Johnson
alexani01,Nickeil Alexander-Walker
richajo01,Josh Richardson
cartewe01,Wendell Carter Jr
bolbo01,Bol Bol
embiijo01,Joel Embiid
toscaju01,Juan Toscano-Anderson
dinwisp01,Spencer Dinwiddie
whiteha01,Hassan Whiteside
rondora01,Rajon Rondo
redicjj01,JJ Redick
achiupr01,Precious Achiuwa
nunnaja01,James Nunnally
barrerj01,RJ Barrett
mckinal01,Alfonzo McKinnie
morrima02,Markieff Morris
bazleda01,Darius Bazley
dotsoda01,Damyean Dotson
walkeke02,Kemba Walker
kinglo02,Louis King
covinro01,Robert Covington
watertr01,Tremont Waters
magnawi01,Will Magnay
tateja01,Jae'Sean Tate
shumpim01,Iman Shumpert
blevike01,Keljin Blevins
exumda01,Dante Exum
templga01,Garrett Temple
laymaja01,Jake Layman
ballla01,LaMelo Ball
hoardja01,Jaylen Hoard
harpeja01,Jared Harper
smartma01,Marcus Smart
harrish01,Shaquille Harrison
augusdj01,DJ Augustin
mccawpa01,Patrick McCaw
randlju01,Julius Randle
guyky01,Kyle Guy
jordade01,DeAndre Jordan
martike04,KJ Martin
couside01,DeMarcus Cousins
bryanth01,Thomas Bryant
deckga01,Gabriel Deck
thybuma01,Matisse Thybulle
zubaciv01,Ivica Zubac
vassede01,Devin Vassell
silvach01,Chris Silva
halibty01,Tyrese Haliburton
cabocbr01,Bruno Caboclo
mcgeeja01,JaVale McGee
thomptr01,Tristan Thompson
osmande01,Cedi Osman
butleji01,Jimmy Butler
washipj01,PJ Washington
porteke02,Kevin Porter Jr
brunsja01,Jalen Brunson
gilgesh01,Shai Gilgeous-Alexander
weathqu01,Quinndary Weatherspoon
eubandr01,Drew Eubanks
chiozch01,Chris Chiozza
brantja01,Jarrell Brantley
gillan01,Anthony Gill
adamsst01,Steven Adams
hutchch01,Chandler Hutchison
howarma02,Markus Howard
ilyaser01,Ersan Ilyasova
fallta01,Tacko Fall
wiggian01,Andrew Wiggins
kornelu01,Luke Kornet
drumman01,Andre Drummond
claxtni01,Nic Claxton
doncilu01,Luka Doncic
willike04,Kenrich Williams
scottmi01,Mike Scott
nworajo01,Jordan Nwora
allenja01,Jarrett Allen
martije02,Jeremiah Martin
harremo01,Montrezl Harrell
mclaujo01,Jordan McLaughlin
connapa01,Pat Connaughton
okorois01,Isaac Okoro
antetth01,Thanasis Antetokounmpo
payneca01,Cameron Payne
hernaju01,Juancho Hernangomez
harriga01,Gary Harris
allengr01,Grayson Allen
portemi01,Michael Porter Jr
walljo01,John Wall
roberan03,Andre Roberson
davisan02,Anthony Davis
hoodro01,Rodney Hood
anthoco01,Cole Anthony
tollian01,Anthony Tolliver
varejan01,Anderson Varejao
saricda01,Dario Saric
leonaka01,Kawhi Leonard
youngth01,Thaddeus Young
bowenbr02,Brian Bowen
goodwbr01,Brandon Goodwin
fittsma01,Malik Fitts
gallida01,Danilo Gallinari
iwundwe01,Wes Iwundu
martike03,Kelan Martin
lecquja01,Jalen Lecque
robindu01,Duncan Robinson
nancela02,Larry Nance Jr
finnedo01,Dorian Finney-Smith
vandeja01,Jarred Vanderbilt
daviste02,Terence Davis
poirivi01,Vincent Poirier
brownja02,Jaylen Brown
poolejo01,Jordan Poole
russeda01,D'Angelo Russell
pokusal01,Aleksej Pokusevski
jamesmi02,Mike James
robinje01,Jerome Robinson
morgaju01,Juwan Morgan
paulch01,Chris Paul
quickim01,Immanuel Quickley
craigto01,Torrey Craig
harrijo01,Joe Harris
edwarca01,Carsen Edwards
brownch02,Charlie Brown Jr
burksal01,Alec Burks
anderky01,Kyle Anderson
jacksja02,Jaren Jackson Jr
hortota01,Talen Horton-Tucker
murraja01,Jamal Murray
campafa01,Facundo Campazzo
whiteco01,Coby White
dunnkr01,Kris Dunn
wadede01,Dean Wade
cancavl01,Vlatko Cancar
herroty01,Tyler Herro
robingl02,Glenn Robinson III
huertke01,Kevin Huerter
windldy01,Dylan Windler
klebima01,Maxi Kleber
samanlu01,Luka Samanic
roziete01,Terry Rozier
sextoco01,Collin Sexton
jonestr01,Tre Jones
cacokde01,Devontae Cacok
lavinza01,Zach LaVine
ntilila01,Frank Ntilikina
washidu02,Duane Washington Jr
naderab01,Abdel Nader
ingrabr01,Brandon Ingram
turnemy01,Myles Turner
mykhasv01,Svi Mykhailiuk
bouknja01,James Bouknight
curryse01,Seth Curry
greenja02,Javonte Green
wiggili01,Lindell Wigginton
johnsja05,Jalen Johnson
knighna01,Nathan Knight
houseda01,Danuel House Jr
krejcvi01,Vit Krejci
dukeda01,David Duke Jr
smithja04,Jalen Smith
delauja01,Javin DeLaurier
milescj01,CJ Miles
culveja01,Jarrett Culver
okongon01,Onyeka Okongwu
carteje01,Jevon Carter
forbebr01,Bryn Forbes
dowtije01,Jeff Dowtin Jr
lundbga01,Gabriel Lundberg
smithis01,Ish Smith
colliza01,Zach Collins
johnske07,Keon Johnson
balllo01,Lonzo Ball
johnsca02,Cameron Johnson
bogdabo02,Bojan Bogdanovic
sabondo01,Domantas Sabonis
jonesty01,Tyus Jones
favorde01,Derrick Favors
nnajize01,Zeke Nnaji
lamban01,Anthony Lamb
hopsosc01,Scotty Hopson
kispeco01,Corey Kispert
wallaty01,Tyrone Wallace
mccolcj01,CJ McCollum
jonesca03,Carlik Jones
edwaran01,Anthony Edwards
bjeline01,Nemanja Bjelica
mcgruro01,Rodney McGruder
bullore01,Reggie Bullock
hasleud01,Udonis Haslem
barnesc01,Scottie Barnes
stevela01,Lamar Stevens
scrubja01,Jay Scrubb
horfoal01,Al Horford
jamesle01,LeBron James
holidjr01,Jrue Holiday
okpalkz01,KZ Okpala
oturuda01,Daniel Oturu
brogdma01,Malcolm Brogdon
tatumja01,Jayson Tatum
loveke01,Kevin Love
leverca01,Caris LeVert
watfotr01,Trendon Watford
mannte01,Terance Mann
pritcpa01,Payton Pritchard
maledth01,Theo Maledon
huntede01,De'Andre Hunter
muldemy01,Mychal Mulder
yorkga01,Gabe York
netora01,Raul Neto
murkead01,Ade Murkey
hayeski01,Killian Hayes
okogijo01,Josh Okogie
leeda03,Damion Lee
theisda01,Daniel Theis
holidaa01,Aaron Holiday
luwawti01,Timothe Luwawu-Cabarrot
hillso01,Solomon Hill
lowryky01,Kyle Lowry
collida01,Darren Collison
grahade01,Devonte' Graham
bledser01,Eric Bledsoe
knighbr03,Brandon Knight
marshna01,Naji Marshall
mobleev01,Evan Mobley
thomais02,Isaiah Thomas
rubiori01,Ricky Rubio
iguodan01,Andre Iguodala
konchjo01,John Konchar
chrisma01,Marquese Chriss
okekech01,Chuma Okeke
huntfe01,Feron Hunt
waltode01,Derrick Walton
jonesma05,Mason Jones
maxeyty01,Tyrese Maxey
careyve01,Vernon Carey Jr
palmetr01,Trayvon Palmer
simpsza01,Zavier Simpson
harrito02,Tobias Harris
joneshe01,Herbert Jones
willibr03,Brandon Williams
plumlma01,Mason Plumlee
lopezro01,Robin Lopez
beverpa01,Patrick Beverley
stanlca01,Cassius Stanley
quetane01,Neemias Queta
conlemi01,Mike Conley
fraziti01,Tim Frazier
duranke01,Kevin Durant
harklma01,Maurice Harkless
highsha01,Haywood Highsmith
porzikr01,Kristaps Porzingis
nesmiaa01,Aaron Nesmith
porteot01,Otto Porter Jr
ramseja01,Jahmi'us Ramsey
jacksju01,Justin Jackson
mathida01,Dakota Mathias
greenja01,JaMychal Green
martico01,Cody Martin
clarkbr01,Brandon Clarke
toddis01,Isaiah Todd
townska01,Karl-Anthony Towns
mcderdo01,Doug McDermott
ibakase01,Serge Ibaka
huffja01,Jay Huff
gordoaa01,Aaron Gordon
goodwjo01,Jordan Goodwin
kuminjo01,Jonathan Kuminga
holidju01,Justin Holiday
terryty01,Tyrell Terry
watanyu01,Yuta Watanabe
dragigo01,Goran Dragic
richani01,Nick Richards
bambamo01,Mo Bamba
belljo01,Jordan Bell
reddica01,Cam Reddish
baglema01,Marvin Bagley III
bolmale01,Leandro Bolmaro
fultzma01,Markelle Fultz
stewais01,Isaiah Stewart
perryre01,Reggie Perry
caverah01,Ahmad Caver
caldwke01,Kentavious Caldwell-Pope
birchkh01,Khem Birch
smithde03,Dennis Smith Jr
woodch01,Christian Wood
cheatzy01,Zylan Cheatham
davised01,Ed Davis
barneha02,Harrison Barnes
morrimo01,Monte Morris
markkla01,Lauri Markkanen
paytoga02,Gary Payton II
primojo01,Joshua Primo
carusal01,Alex Caruso
westbru01,Russell Westbrook
rosede01,Derrick Rose
curryst01,Stephen Curry
pelleno01,Norvel Pelle
derozde01,DeMar DeRozan
divindo01,Donte DiVincenzo
yurtsom01,Omer Yurtseven
holmeri01,Richaun Holmes
queentr01,Trevelin Queen
garzalu01,Luka Garza
waterli01,Lindy Waters III
griffbl01,Blake Griffin
pangoke01,Kevin Pangos
johnsjo02,Joe Johnson
niangge01,Georges Niang
moonxa01,Xavier Moon
louzama01,Didi Louzada
cunnica01,Cade Cunningham
jeromty01,Ty Jerome
reedpa01,Paul Reed
leesa01,Saben Lee
merrisa01,Sam Merrill
bridgmi01,Mikal Bridges
banede01,Desmond Bane
zelleco01,Cody Zeller
aldrila01,LaMarcus Aldridge
watsopa01,Paul Watson
hillge01,George Hill
brownbr01,Bruce Brown
strusma01,Max Strus
mclauja01,JaQuori McLaughlin
suggsja01,Jalen Suggs
matthwe02,Wesley Matthews
kaminfr01,Frank Kaminsky
cannade01,Devin Cannady
kanteen01,Enes Freedom
morrima03,Marcus Morris
gaffoda01,Daniel Gafford
batumni01,Nicolas Batum
kingge03,George King
sharpda01,Day'Ron Sharpe
forretr01,Trent Forrest
bassech01,Charles Bassey
looneke01,Kevon Looney
robinje02,Jeremiah Robinson-Earl
mcdanja01,Jalen McDaniels
clarkga01,Gary Clark
greenje02,Jeff Green
ellinwa01,Wayne Ellington
foxde01,De'Aaron Fox
thomaca02,Cam Thomas
anthoca01,Carmelo Anthony
bostobr01,Brandon Boston Jr
avdijde01,Deni Avdija
hillma01,Malcolm Hill
arcidry01,Ryan Arcidiacono
martica02,Caleb Martin
schrode01,Dennis Schroder
thorjt01,JT Thor
paytoel01,Elfrid Payton
bookede01,Devin Booker
whitede01,Derrick White
capelca01,Clint Capela
tillmxa01,Xavier Tillman Sr
schakjo01,Jordan Schakel
kulboar01,Arnoldas Kulboka
cookty01,Tyler Cook
teskejo01,Jon Teske
joeis01,Isaiah Joe
ayayijo01,Joel Ayayi
landajo01,Jock Landale
brookar01,Armoni Brooks
tuckera01,Rayjon Tucker
beysa01,Saddiq Bey
antetgi01,Giannis Antetokounmpo
sengual01,Alperen Sengun
mudiaem01,Emmanuel Mudiay
powelno01,Norman Powell
reaveau01,Austin Reaves
frazime01,Melvin Frazier
langfro01,Romeo Langford
arizatr01,Trevor Ariza
mccluma01,Mac McClung
murrade01,Dejounte Murray
littlna01,Nassir Little
gordoer01,Eric Gordon
mcdanja02,Jaden McDaniels
lewissc01,Scottie Lewis
bealbr01,Bradley Beal
reedda01,Davon Reed
dotsode01,Devon Dotson
bongais01,Isaac Bonga
coopesh01,Sharife Cooper
portibo01,Bobby Portis
riverau01,Austin Rivers
miltosh01,Shake Milton
diakima01,Mamadi Diakite
nembhrj01,RJ Nembhard Jr
mcbrimi01,Miles McBride
azubuud01,Udoka Azubuike
korkmfu01,Furkan Korkmaz
gallola01,Langston Galloway
muscami01,Mike Muscala
bogdabo01,Bogdan Bogdanovic
brownmo01,Moses Brown
greenda02,Danny Green
wrighmo01,Moses Wright
nurkiju01,Jusuf Nurkic
newmama01,Malik Newman
wilsodj01,DJ Wilson
kuzmaky01,Kyle Kuzma
butleja02,Jared Butler
hylanbo01,Bones Hyland
walkelo01,Lonnie Walker IV
cumbeja01,Jarron Cumberland
simonan01,Anfernee Simons
moodymo01,Moses Moody
pickeja01,Jamorko Pickett
jeffrda01,DaQuan Jeffries
ojelese01,Semi Ojeleye
mccontj01,TJ McConnell
gibsota01,Taj Gibson
fournev01,Evan Fournier
hugheel01,Elijah Hughes
poeltja01,Jakob Poeltl
rosste01,Terrence Ross
robinju01,Justin Robinson
lewiski01,Kira Lewis Jr
johnsda08,David Johnson
robinmi01,Mitchell Robinson
valanjo01,Jonas Valanciunas
jonesda03,Damian Jones
bridgmi02,Miles Bridges
caulewi01,Willie Cauley-Stein
jokicni01,Nikola Jokic
crowdja01,Jae Crowder
liveris01,Isaiah Livers
gabriwe01,Wenyen Gabriel
jonesje01,Jemerrio Jones
olynyke01,Kelly Olynyk
hardeja01,James Harden
vucevni01,Nikola Vucevic
robyis01,Isaiah Roby
sykeske01,Keifer Sykes
winstca01,Cassius Winston
echenja01,Jaime Echenique
hieldbu01,Buddy Hield
willigr01,Grant Williams
bradlav01,Avery Bradley
trentga02,Gary Trent Jr
dedmode01,Dewayne Dedmon
bertada01,Davis Bertans
mclembe01,Ben McLemore
brissos01,Oshae Brissett
morrija01,Jaylen Morris
willilo02,Lou Williams
garlada01,Darius Garland
grantje01,Jerami Grant
brazdig01,Ignas Brazdeikis
collijo01,John Collins
graveha01,Hassani Gravett
mcgrica01,Cameron McGriff
paigeja01,Jaysean Paige
willizi02,Ziaire Williams
johnske04,Keldon Johnson
millspa01,Paul Millsap
metuch01,Chimezie Metu
sirvyde01,Deividas Sirvydis
mamuksa01,Sandro Mamukelashvili
nixda01,Daishen Nix
woodaro01,Robert Woodard II
knoxke01,Kevin Knox
youngtr01,Trae Young
reidna01,Naz Reid
jacksjo02,Josh Jackson
aytonde01,Deandre Ayton
mitchdo01,Donovan Mitchell
dosunay01,Ayo Dosunmu
vincega01,Gabe Vincent
ellebcj01,CJ Elleby
alvarjo01,Jose Alvarado
jacksre01,Reggie Jackson
browntr01,Troy Brown Jr
monkma01,Malik Monk
anunoog01,OG Anunoby
pascher01,Eric Paschall
nwabada01,David Nwaba
kennalu01,Luke Kennard
diallha01,Hamidou Diallo
buchash01,Shaq Buchanan
wanambr01,Brad Wanamaker
gillefr01,Freddie Gillespie
siakapa01,Pascal Siakam
irvinky01,Kyrie Irving
hausesa01,Sam Hauser
goberru01,Rudy Gobert
winslju01,Justise Winslow
fernabr01,Bruno Fernando
kalaige01,Georgios Kalaitzakis
coffeam01,Amir Coffey
shamela01,Landry Shamet
bembrde01,DeAndre' Bembry
bartowi01,Will Barton
poweldw01,Dwight Powell
snellto01,Tony Snell
bradlto01,Tony Bradley
willipa01,Patrick Williams
howardw01,Dwight Howard
doziepj01,PJ Dozier
flynnma01,Malachi Flynn
hamptrj01,RJ Hampton
williro04,Robert Williams
grimequ01,Quentin Grimes
biyombi01,Bismack Biyombo
johnsty01,Tyler Johnson
oladivi01,Victor Oladipo
middlkh01,Khris Middleton
brookdi01,Dillon Brooks
onealro01,Royce O'Neale
johnsst04,Stanley Johnson
jacksfr01,Frank Jackson
jonesde02,Derrick Jones Jr
smartja01,Javonte Smart
fordal03,Aleem Ford
wrighde01,Delon Wright
bateske01,Keita Bates-Diop
clarkjo01,Jordan Clarkson
mathega01,Garrison Mathews
greenjo02,Josh Green
satorto01,Tomas Satoransky
wrighmc01,McKinley Wright IV
noelne01,Nerlens Noel
lenal01,Alex Len
lopezbr01,Brook Lopez
-9999,League Average
beaslma01,Malik Beasley
georgpa01,Paul George
bouchch01,Chris Boucher
gayru01,Rudy Gay
vanvlfr01,Fred VanVleet
dienggo01,Gorgui Dieng
hallty01,Tyler Hall
hachiru01,Rui Hachimura
onimi01,Miye Oni
thomama02,Matt Thomas
edwarro01,Rob Edwards
haywago01,Gordon Hayward
hernawi01,Willy Hernangomez
browngr01,Greg Brown III
diallch01,Cheick Diallo
champju01,Justin Champagnie
parkeja01,Jabari Parker
bazemke01,Kent Bazemore
chrisjo01,Josh Christopher
doumbse01,Sekou Doumbouya
hartjo01,Josh Hart
oliveca01,Cameron Oliver
jacksis01,Isaiah Jackson
mitchda01,Davion Mitchell
harteis01,Isaiah Hartenstein
dortlu01,Luguentz Dort
murphtr02,Trey Murphy III
pottemi01,Micah Potter
wagnemo01,Moritz Wagner
nowelja01,Jaylen Nowell
lambje01,Jeremy Lamb
moranja01,Ja Morant
burketr01,Trey Burke
marjabo01,Boban Marjanovic
greendr01,Draymond Green
taylote01,Terry Taylor
ennisja01,James Ennis III
oubreke01,Kelly Oubre Jr
meltode01,De'Anthony Melton
bitadgo01,Goga Bitadze
hayesja02,Jaxson Hayes
pinsoth01,Theo Pinson
barbeca01,Cat Barber
inglejo01,Joe Ingles
monrogr01,Greg Monroe
valende01,Denzel Valentine
josepco01,Cory Joseph
toppiob01,Obi Toppin
tuckepj01,PJ Tucker
millspa02,Patty Mills
mayssk01,Skylar Mays
johnsal02,Alize Johnson
lylestr01,Trey Lyles
adebaba01,Bam Adebayo
simonma01,Marko Simonovic
brownst02,Sterling Brown
princta02,Taurean Prince
greenja05,Jalen Green
lillada01,Damian Lillard
thomabr01,Brodric Thomas
hardati02,Tim Hardaway Jr
stephla01,Lance Stephenson
keybr01,Braxton Key
hintona01,Nate Hinton
tilliki02,Killian Tillie
alexani01,Nickeil Alexander-Walker
johnsja01,James Johnson
richajo01,Josh Richardson
schofad01,Admiral Schofield
cartewe01,Wendell Carter Jr
bolbo01,Bol Bol
embiijo01,Joel Embiid
sprinja01,Jaden Springer
toscaju01,Juan Toscano-Anderson
dinwisp01,Spencer Dinwiddie
whiteha01,Hassan Whiteside
powelmy01,Myles Powell
dekkesa01,Sam Dekker
rondora01,Rajon Rondo
achiupr01,Precious Achiuwa
barrerj01,RJ Barrett
mckinal01,Alfonzo McKinnie
morrima02,Markieff Morris
bazleda01,Darius Bazley
dotsoda01,Damyean Dotson
walkeke02,Kemba Walker
kinglo02,Louis King
covinro01,Robert Covington
watertr01,Tremont Waters
tateja01,Jae'Sean Tate
aldamsa01,Santi Aldama
blevike01,Keljin Blevins
templga01,Garrett Temple
brownch05,Chaundee Brown Jr
laymaja01,Jake Layman
ballla01,LaMelo Ball
hoardja01,Jaylen Hoard
harpeja01,Jared Harper
smartma01,Marcus Smart
simsje01,Jericho Sims
stausni01,Nik Stauskas
harrish01,Shaquille Harrison
johnsbj01,BJ Johnson
augusdj01,DJ Augustin
randlju01,Julius Randle
guyky01,Kyle Guy
jordade01,DeAndre Jordan
cornepe01,Petr Cornelie
martike04,KJ Martin
couside01,DeMarcus Cousins
bryanth01,Thomas Bryant
deckga01,Gabriel Deck
thybuma01,Matisse Thybulle
wiggiaa01,Aaron Wiggins
zubaciv01,Ivica Zubac
vassede01,Devin Vassell
wainris01,Ish Wainright
silvach01,Chris Silva
halibty01,Tyrese Haliburton
mcgeeja01,JaVale McGee
thomptr01,Tristan Thompson
osmande01,Cedi Osman
butleji01,Jimmy Butler
terryem01,Emanuel Terry
washipj01,PJ Washington
basspa01,Paris Bass
porteke02,Kevin Porter Jr
swordcr01,Craig Sword
brunsja01,Jalen Brunson
gilgesh01,Shai Gilgeous-Alexander
weathqu01,Quinndary Weatherspoon
manntr01,Tre Mann
eubandr01,Drew Eubanks
chiozch01,Chris Chiozza
omorueu01,Eugene Omoruyi
gillan01,Anthony Gill
adamsst01,Steven Adams
howarma02,Markus Howard
garrema01,Marcus Garrett
hutchch01,Chandler Hutchison
fallta01,Tacko Fall
wiggian01,Andrew Wiggins
kornelu01,Luke Kornet
drumman01,Andre Drummond
claxtni01,Nic Claxton
doncilu01,Luka Doncic
willike04,Kenrich Williams
nworajo01,Jordan Nwora
jarrede01,DeJon Jarreau
wagnefr01,Franz Wagner
allenja01,Jarrett Allen
harremo01,Montrezl Harrell
mclaujo01,Jordan McLaughlin
connapa01,Pat Connaughton
okorois01,Isaac Okoro
antetth01,Thanasis Antetokounmpo
walkemj01,MJ Walker
payneca01,Cameron Payne
hernaju01,Juancho Hernangomez
harriga01,Gary Harris
allengr01,Grayson Allen
portemi01,Michael Porter Jr
henryaa01,Aaron Henry
davisan02,Anthony Davis
thompkl01,Klay Thompson
hoodro01,Rodney Hood
anthoco01,Cole Anthony
seldewa01,Wayne Selden
youngth01,Thaddeus Young
goodwbr01,Brandon Goodwin
fittsma01,Malik Fitts
ponsyv01,Yves Pons
gallida01,Danilo Gallinari
iwundwe01,Wes Iwundu
edwarke02,Kessler Edwards
martike03,Kelan Martin
robindu01,Duncan Robinson
nancela02,Larry Nance Jr
finnedo01,Dorian Finney-Smith
vandeja01,Jarred Vanderbilt
daviste02,Terence Davis
garubus01,Usman Garuba
brownja02,Jaylen Brown
sarrol01,Olivier Sarr
anderju01,Justin Anderson
poolejo01,Jordan Poole
giddejo01,Josh Giddey
ryanma01,Matt Ryan
russeda01,D'Angelo Russell
pokusal01,Aleksej Pokusevski
bantoda01,Dalano Banton
morgaju01,Juwan Morgan
paulch01,Chris Paul
quickim01,Immanuel Quickley
craigto01,Torrey Craig
scotttr01,Tre Scott
harrijo01,Joe Harris
edwarca01,Carsen Edwards
brownch02,Charlie Brown Jr
burksal01,Alec Burks
anderky01,Kyle Anderson
jacksja02,Jaren Jackson Jr
hortota01,Talen Horton-Tucker
moonema01,Matt Mooney
campafa01,Facundo Campazzo
whiteco01,Coby White
dunnkr01,Kris Dunn
wadede01,Dean Wade
cancavl01,Vlatko Cancar
herroty01,Tyler Herro
duartch01,Chris Duarte
huertke01,Kevin Huerter
windldy01,Dylan Windler
klebima01,Maxi Kleber
roziete01,Terry Rozier
sextoco01,Collin Sexton
joneska01,Kai Jones
jonestr01,Tre Jones
cacokde01,Devontae Cacok
lavinza01,Zach LaVine
ntilila01,Frank Ntilikina
wieskjo01,Joe Wieskamp
sneedxa01,Xavier Sneed
washidu02,Duane Washington Jr
ingrabr01,Brandon Ingram
turnemy01,Myles Turner
mykhasv01,Svi Mykhailiuk
vonleno01,Noah Vonleh
bouknja01,James Bouknight
curryse01,Seth Curry
greenja02,Javonte Green
wiggili01,Lindell Wigginton
johnsja05,Jalen Johnson
knighna01,Nathan Knight
houseda01,Danuel House Jr
krejcvi01,Vit Krejci
mcgowbr01,Bryce McGowens
dukeda01,David Duke Jr
smithja04,Jalen Smith
culveja01,Jarrett Culver
okongon01,Onyeka Okongwu
carteje01,Jevon Carter
forbebr01,Bryn Forbes
dowtije01,Jeff Dowtin Jr
easonta01,Tari Eason
smithis01,Ish Smith
colliza01,Zach Collins
johnske07,Keon Johnson
prestja01,Jason Preston
washity02,TyTy Washington Jr
johnsca02,Cameron Johnson
bogdabo02,Bojan Bogdanovic
keelstr01,Trevor Keels
iveyja01,Jaden Ivey
harpero02,Ron Harper Jr
sabondo01,Domantas Sabonis
jonesty01,Tyus Jones
nnajize01,Zeke Nnaji
lamban01,Anthony Lamb
kispeco01,Corey Kispert
mccolcj01,CJ McCollum
jonesca03,Carlik Jones
edwaran01,Anthony Edwards
lawsoaj01,AJ Lawson
willizi01,Zion Williamson
mcgruro01,Rodney McGruder
bullore01,Reggie Bullock
hasleud01,Udonis Haslem
barnesc01,Scottie Barnes
stevela01,Lamar Stevens
sharpsh01,Shaedon Sharpe
scrubja01,Jay Scrubb
horfoal01,Al Horford
rhodeja01,Jared Rhoden
jamesle01,LeBron James
holidjr01,Jrue Holiday
okpalkz01,KZ Okpala
brogdma01,Malcolm Brogdon
tatumja01,Jayson Tatum
loveke01,Kevin Love
leverca01,Caris LeVert
watfotr01,Trendon Watford
mannte01,Terance Mann
maledth01,Theo Maledon
pritcpa01,Payton Pritchard
huntede01,De'Andre Hunter
yorkga01,Gabe York
netora01,Raul Neto
umudest01,Stanley Umude
hayeski01,Killian Hayes
okogijo01,Josh Okogie
leeda03,Damion Lee
theisda01,Daniel Theis
holidaa01,Aaron Holiday
willivi01,Vince Williams Jr
lowryky01,Kyle Lowry
grahade01,Devonte' Graham
marshna01,Naji Marshall
mobleev01,Evan Mobley
kesslwa01,Walker Kessler
rubiori01,Ricky Rubio
minayju01,Justin Minaya
iguodan01,Andre Iguodala
konchjo01,John Konchar
okekech01,Chuma Okeke
maxeyty01,Tyrese Maxey
careyve01,Vernon Carey Jr
harrito02,Tobias Harris
simmoko01,Kobi Simmons
joneshe01,Herbert Jones
whiteja03,Jack White
plumlma01,Mason Plumlee
lopezro01,Robin Lopez
beverpa01,Patrick Beverley
quetane01,Neemias Queta
conlemi01,Mike Conley
duranke01,Kevin Durant
highsha01,Haywood Highsmith
porzikr01,Kristaps Porzingis
nesmiaa01,Aaron Nesmith
brownke03,Kendall Brown
porteot01,Otto Porter Jr
jacksju01,Justin Jackson
durenja01,Jalen Duren
rolliry01,Ryan Rollins
greenja01,JaMychal Green
clarkbr01,Brandon Clarke
martico01,Cody Martin
toddis01,Isaiah Todd
mcderdo01,Doug McDermott
townska01,Karl-Anthony Towns
harrike01,Kevon Harris
ibakase01,Serge Ibaka
huffja01,Jay Huff
hudgitr01,Trevor Hudgins
gordoaa01,Aaron Gordon
goodwjo01,Jordan Goodwin
kuminjo01,Jonathan Kuminga
holidju01,Justin Holiday
watanyu01,Yuta Watanabe
dragigo01,Goran Dragic
richani01,Nick Richards
bambamo01,Mo Bamba
reddica01,Cam Reddish
baglema01,Marvin Bagley III
bolmale01,Leandro Bolmaro
fultzma01,Markelle Fultz
bouyeja01,Jamaree Bouyea
stewais01,Isaiah Stewart
caldwke01,Kentavious Caldwell-Pope
smithde03,Dennis Smith Jr
birchkh01,Khem Birch
woodch01,Christian Wood
halljo02,Jordan Hall
barneha02,Harrison Barnes
markkla01,Lauri Markkanen
morrimo01,Monte Morris
paytoga02,Gary Payton II
primojo01,Joshua Primo
carusal01,Alex Caruso
westbru01,Russell Westbrook
rosede01,Derrick Rose
curryst01,Stephen Curry
braunch01,Christian Braun
cainja01,Jamal Cain
derozde01,DeMar DeRozan
divindo01,Donte DiVincenzo
yurtsom01,Omer Yurtseven
holmeri01,Richaun Holmes
queentr01,Trevelin Queen
garzalu01,Luka Garza
cooksxa01,Xavier Cooks
waterli01,Lindy Waters III
griffbl01,Blake Griffin
niangge01,Georges Niang
moonxa01,Xavier Moon
jeromty01,Ty Jerome
reedpa01,Paul Reed
cunnica01,Cade Cunningham
leesa01,Saben Lee
merrisa01,Sam Merrill
fostemi02,Michael Foster Jr
bridgmi01,Mikal Bridges
banede01,Desmond Bane
zelleco01,Cody Zeller
wisemja01,James Wiseman
hillge01,George Hill
brownbr01,Bruce Brown
strusma01,Max Strus
suggsja01,Jalen Suggs
matthwe02,Wesley Matthews
kaminfr01,Frank Kaminsky
morrima03,Marcus Morris
gaffoda01,Daniel Gafford
batumni01,Nicolas Batum
sharpda01,Day'Ron Sharpe
monekch01,Chima Moneke
forretr01,Trent Forrest
kolokch01,Christian Koloko
bassech01,Charles Bassey
looneke01,Kevon Looney
mcdanja01,Jalen McDaniels
robinje02,Jeremiah Robinson-Earl
diabamo01,Moussa Diabate
greenje02,Jeff Green
foxde01,De'Aaron Fox
thomaca02,Cam Thomas
swideco01,Cole Swider
bostobr01,Brandon Boston Jr
avdijde01,Deni Avdija
hillma01,Malcolm Hill
watsope01,Peyton Watson
arcidry01,Ryan Arcidiacono
martica02,Caleb Martin
schrode01,Dennis Schroder
thorjt01,JT Thor
dellama01,Matthew Dellavedova
whitede01,Derrick White
bookede01,Devin Booker
capelca01,Clint Capela
tillmxa01,Xavier Tillman Sr
schakjo01,Jordan Schakel
sochaje01,Jeremy Sochan
nunnke01,Kendrick Nunn
joeis01,Isaiah Joe
willija06,Jalen Williams
landajo01,Jock Landale
willima07,Mark Williams
beysa01,Saddiq Bey
antetgi01,Giannis Antetokounmpo
sengual01,Alperen Sengun
simmobe01,Ben Simmons
powelno01,Norman Powell
minotjo01,Josh Minott
reaveau01,Austin Reaves
langfro01,Romeo Langford
mccluma01,Mac McClung
murrade01,Dejounte Murray
littlna01,Nassir Little
gordoer01,Eric Gordon
mcdanja02,Jaden McDaniels
bealbr01,Bradley Beal
loftoke01,Kenneth Lofton Jr
reedda01,Davon Reed
dotsode01,Devon Dotson
portibo01,Bobby Portis
riverau01,Austin Rivers
miltosh01,Shake Milton
diakima01,Mamadi Diakite
mcbrimi01,Miles McBride
azubuud01,Udoka Azubuike
korkmfu01,Furkan Korkmaz
muscami01,Mike Muscala
champju02,Julian Champagnie
bogdabo01,Bogdan Bogdanovic
brownmo01,Moses Brown
greenda02,Danny Green
nurkiju01,Jusuf Nurkic
kuzmaky01,Kyle Kuzma
butleja02,Jared Butler
murrake02,Keegan Murray
hylanbo01,Bones Hyland
walkelo01,Lonnie Walker IV
simonan01,Anfernee Simons
moodymo01,Moses Moody
griffaj01,AJ Griffin
comanch01,Chance Comanche
robinor01,Orlando Robinson
willija07,Jaylin Williams
mccontj01,TJ McConnell
gibsota01,Taj Gibson
fournev01,Evan Fournier
juzanjo01,Johnny Juzang
poeltja01,Jakob Poeltl
rosste01,Terrence Ross
lewiski01,Kira Lewis Jr
robinmi01,Mitchell Robinson
valanjo01,Jonas Valanciunas
jonesda03,Damian Jones
jokicni01,Nikola Jokic
liveris01,Isaiah Livers
gabriwe01,Wenyen Gabriel
crowdja01,Jae Crowder
greenaj01,AJ Green
dorsety01,Tyler Dorsey
olynyke01,Kelly Olynyk
hardeja01,James Harden
leoname01,Meyers Leonard
vucevni01,Nikola Vucevic
robyis01,Isaiah Roby
seabrde01,Dereon Seabron
hieldbu01,Buddy Hield
willigr01,Grant Williams
trentga02,Gary Trent Jr
roddyda01,David Roddy
dedmode01,Dewayne Dedmon
bertada01,Davis Bertans
brissos01,Oshae Brissett
boehebu01,Buddy Boeheim
quinole01,Lester Quinones
garlada01,Darius Garland
grantje01,Jerami Grant
collijo01,John Collins
willizi02,Ziaire Williams
sumneed01,Edmond Sumner
johnske04,Keldon Johnson
hardyja02,Jaden Hardy
metuch01,Chimezie Metu
mathube01,Bennedict Mathurin
nixda01,Daishen Nix
mamuksa01,Sandro Mamukelashvili
knoxke01,Kevin Knox
youngtr01,Trae Young
reidna01,Naz Reid
aytonde01,Deandre Ayton
butlejo01,John Butler
mitchdo01,Donovan Mitchell
dosunay01,Ayo Dosunmu
vincega01,Gabe Vincent
alvarjo01,Jose Alvarado
browntr01,Troy Brown Jr
jacksre01,Reggie Jackson
fontesi01,Simone Fontecchio
kabenmf01,Mfiondu Kabengele
monkma01,Malik Monk
anunoog01,OG Anunoby
kennalu01,Luke Kennard
diallha01,Hamidou Diallo
jacksqu01,Quenton Jackson
baldwpa01,Patrick Baldwin Jr
siakapa01,Pascal Siakam
irvinky01,Kyrie Irving
hausesa01,Sam Hauser
goberru01,Rudy Gobert
winslju01,Justise Winslow
fernabr01,Bruno Fernando
jovicni01,Nikola Jovic
coffeam01,Amir Coffey
shamela01,Landry Shamet
bartowi01,Will Barton
davisjd01,JD Davison
poweldw01,Dwight Powell
bradlto01,Tony Bradley
willipa01,Patrick Williams
doziepj01,PJ Dozier
flynnma01,Malachi Flynn
hamptrj01,RJ Hampton
williro04,Robert Williams
grimequ01,Quentin Grimes
biyombi01,Bismack Biyombo
oladivi01,Victor Oladipo
smithdr01,Dru Smith
brookdi01,Dillon Brooks
middlkh01,Khris Middleton
onealro01,Royce O'Neale
johnsst04,Stanley Johnson
jacksfr01,Frank Jackson
willije02,Jeenathan Williams
jonesde02,Derrick Jones Jr
wrighde01,Delon Wright
bateske01,Keita Bates-Diop
clarkjo01,Jordan Clarkson
mathega01,Garrison Mathews
laravja01,Jake LaRavia
weslebl01,Blake Wesley
greenjo02,Josh Green
wrighmc01,McKinley Wright IV
noelne01,Nerlens Noel
lopezbr01,Brook Lopez
lenal01,Alex Len
-9999,League Average
beaslma01,Malik Beasley
georgpa01,Paul George
bouchch01,Chris Boucher
davisjo06,Johnny Davis
gayru01,Rudy Gay
vanvlfr01,Fred VanVleet
moorewe01,Wendell Moore Jr
dienggo01,Gorgui Dieng
hachiru01,Rui Hachimura
chrisma02,Max Christie
warretj01,TJ Warren
smithja05,Jabari Smith Jr
haywago01,Gordon Hayward
hernawi01,Willy Hernangomez
browngr01,Greg Brown III
champju01,Justin Champagnie
chrisjo01,Josh Christopher
hartjo01,Josh Hart
jacksis01,Isaiah Jackson
mitchda01,Davion Mitchell
harteis01,Isaiah Hartenstein
barlodo01,Dominick Barlow
chandke01,Kennedy Chandler
dortlu01,Luguentz Dort
murphtr02,Trey Murphy III
pottemi01,Micah Potter
wagnemo01,Moritz Wagner
willial06,Alondes Williams
nowelja01,Jaylen Nowell
moranja01,Ja Morant
marjabo01,Boban Marjanovic
greendr01,Draymond Green
taylote01,Terry Taylor
meltode01,De'Anthony Melton
oubreke01,Kelly Oubre Jr
branhma01,Malaki Branham
bitadgo01,Goga Bitadze
diengou01,Ousmane Dieng
hayesja02,Jaxson Hayes
cartemi01,Michael Carter-Williams
pinsoth01,Theo Pinson
inglejo01,Joe Ingles
isaacjo01,Jonathan Isaac
josepco01,Cory Joseph
toppiob01,Obi Toppin
tuckepj01,PJ Tucker
agbajoc01,Ochai Agbaji
millspa02,Patty Mills
mayssk01,Skylar Mays
johnsal02,Alize Johnson
lylestr01,Trey Lyles
adebaba01,Bam Adebayo
simonma01,Marko Simonovic
brownst02,Sterling Brown
princta02,Taurean Prince
greenja05,Jalen Green
lillada01,Damian Lillard
hardati02,Tim Hardaway Jr
keybr01,Braxton Key
martity01,Tyrese Martin
alexani01,Nickeil Alexander-Walker
johnsja01,James Johnson
richajo01,Josh Richardson
schofad01,Admiral Schofield
cartewe01,Wendell Carter Jr
bolbo01,Bol Bol
embiijo01,Joel Embiid
sprinja01,Jaden Springer
toscaju01,Juan Toscano-Anderson
banchpa01,Paolo Banchero
dinwisp01,Spencer Dinwiddie
achiupr01,Precious Achiuwa
barrerj01,RJ Barrett
morrima02,Markieff Morris
bazleda01,Darius Bazley
walkeke02,Kemba Walker
kinglo02,Louis King
covinro01,Robert Covington
mobleis01,Isaiah Mobley
tateja01,Jae'Sean Tate
aldamsa01,Santi Aldama
templga01,Garrett Temple
ballla01,LaMelo Ball
elliske01,Keon Ellis
smartma01,Marcus Smart
simsje01,Jericho Sims
gilyaja01,Jacob Gilyard
harrish01,Shaquille Harrison
randlju01,Julius Randle
jordade01,DeAndre Jordan
martike04,KJ Martin
bryanth01,Thomas Bryant
wiggiaa01,Aaron Wiggins
thybuma01,Matisse Thybulle
zubaciv01,Ivica Zubac
vassede01,Devin Vassell
wainris01,Ish Wainright
nembhan01,Andrew Nembhard
silvach01,Chris Silva
halibty01,Tyrese Haliburton
mcgeeja01,JaVale McGee
osmande01,Cedi Osman
butleji01,Jimmy Butler
washipj01,PJ Washington
burtode02,Deonte Burton
porteke02,Kevin Porter Jr
gilgesh01,Shai Gilgeous-Alexander
brunsja01,Jalen Brunson
eubandr01,Drew Eubanks
manntr01,Tre Mann
brantja01,Jarrell Brantley
omorueu01,Eugene Omoruyi
gillan01,Anthony Gill
adamsst01,Steven Adams
wiggian01,Andrew Wiggins
kornelu01,Luke Kornet
drumman01,Andre Drummond
claxtni01,Nic Claxton
doncilu01,Luka Doncic
willike04,Kenrich Williams
nworajo01,Jordan Nwora
daysda01,Darius Days
wagnefr01,Franz Wagner
allenja01,Jarrett Allen
pippesc02,Scotty Pippen Jr
harremo01,Montrezl Harrell
mclaujo01,Jordan McLaughlin
walkeja01,Jabari Walker
connapa01,Pat Connaughton
terryda01,Dalen Terry
okorois01,Isaac Okoro
antetth01,Thanasis Antetokounmpo
payneca01,Cameron Payne
hernaju01,Juancho Hernangomez
harriga01,Gary Harris
allengr01,Grayson Allen
portemi01,Michael Porter Jr
walljo01,John Wall
davisan02,Anthony Davis
thompkl01,Klay Thompson
anthoco01,Cole Anthony
saricda01,Dario Saric
leonaka01,Kawhi Leonard
youngth01,Thaddeus Young
beaucma01,MarJon Beauchamp
edwarke02,Kessler Edwards
houstca01,Caleb Houstan
nancela02,Larry Nance Jr
robindu01,Duncan Robinson
daniedy01,Dyson Daniels
finnedo01,Dorian Finney-Smith
vandeja01,Jarred Vanderbilt
garubus01,Usman Garuba
daviste02,Terence Davis
brownja02,Jaylen Brown
sarrol01,Olivier Sarr
poolejo01,Jordan Poole
giddejo01,Josh Giddey
ryanma01,Matt Ryan
russeda01,D'Angelo Russell
pokusal01,Aleksej Pokusevski
bantoda01,Dalano Banton
paulch01,Chris Paul
quickim01,Immanuel Quickley
craigto01,Torrey Craig
harrijo01,Joe Harris
burksal01,Alec Burks
anderky01,Kyle Anderson
jacksja02,Jaren Jackson Jr
hortota01,Talen Horton-Tucker
murraja01,Jamal Murray
campafa01,Facundo Campazzo
willido02,Donovan Williams
whiteco01,Coby White
dunnkr01,Kris Dunn
wadede01,Dean Wade
cancavl01,Vlatko Cancar
herroty01,Tyler Herro
grayra01,RaiQuan Gray
duartch01,Chris Duarte
huertke01,Kevin Huerter
windldy01,Dylan Windler
klebima01,Maxi Kleber
samanlu01,Luka Samanic
roziete01,Terry Rozier
sextoco01,Collin Sexton
joneska01,Kai Jones
jonestr01,Tre Jones
lavinza01,Zach LaVine
ntilila01,Frank Ntilikina
wieskjo01,Joe Wieskamp
sneedxa01,Xavier Sneed
ingrabr01,Brandon Ingram
turnemy01,Myles Turner
mykhasv01,Svi Mykhailiuk
bouknja01,James Bouknight
curryse01,Seth Curry
greenja02,Javonte Green
wiggili01,Lindell Wigginton
johnsja05,Jalen Johnson
krejcvi01,Vit Krejci
houseda01,Danuel House Jr
mcgowbr01,Bryce McGowens
dukeda01,David Duke Jr
smithja04,Jalen Smith
portecr01,Craig Porter Jr
okongon01,Onyeka Okongwu
carteje01,Jevon Carter
dowtije01,Jeff Dowtin Jr
easonta01,Tari Eason
liddeej01,EJ Liddell
smithis01,Ish Smith
colliza01,Zach Collins
johnske07,Keon Johnson
prestja01,Jason Preston
wilsoja03,Jalen Wilson
washity02,TyTy Washington Jr
johnsca02,Cameron Johnson
bogdabo02,Bojan Bogdanovic
iveyja01,Jaden Ivey
harpero02,Ron Harper Jr
sabondo01,Domantas Sabonis
jonesty01,Tyus Jones
lewisma05,Maxwell Lewis
nnajize01,Zeke Nnaji
kispeco01,Corey Kispert
mccolcj01,CJ McCollum
funkan01,Andrew Funk
edwaran01,Anthony Edwards
lawsoaj01,AJ Lawson
willizi01,Zion Williamson
sassema01,Marcus Sasser
bullore01,Reggie Bullock
barnesc01,Scottie Barnes
stevela01,Lamar Stevens
sharpsh01,Shaedon Sharpe
horfoal01,Al Horford
rhodeja01,Jared Rhoden
portejo01,Jontay Porter
jamesle01,LeBron James
holidjr01,Jrue Holiday
brogdma01,Malcolm Brogdon
tatumja01,Jayson Tatum
loveke01,Kevin Love
leverca01,Caris LeVert
watfotr01,Trendon Watford
mannte01,Terance Mann
pritcpa01,Payton Pritchard
maledth01,Theo Maledon
huntede01,De'Andre Hunter
thompau01,Ausar Thompson
pereima01,Maozinha Pereira
umudest01,Stanley Umude
jaqueja01,Jaime Jaquez Jr
hayeski01,Killian Hayes
okogijo01,Josh Okogie
theisda01,Daniel Theis
holidaa01,Aaron Holiday
boldema01,Marques Bolden
drellhe01,Henri Drell
willivi01,Vince Williams Jr
lowryky01,Kyle Lowry
grahade01,Devonte' Graham
marshna01,Naji Marshall
mobleev01,Evan Mobley
kesslwa01,Walker Kessler
thomais02,Isaiah Thomas
minayju01,Justin Minaya
holmgch01,Chet Holmgren
konchjo01,John Konchar
jonesco02,Colby Jones
okekech01,Chuma Okeke
jonesma05,Mason Jones
maxeyty01,Tyrese Maxey
simpsza01,Zavier Simpson
petrufi01,Filip Petrusev
harrito02,Tobias Harris
simmoko01,Kobi Simmons
joneshe01,Herbert Jones
livinch01,Chris Livingston
jemistr01,Trey Jemison
willibr03,Brandon Williams
whiteja03,Jack White
plumlma01,Mason Plumlee
lopezro01,Robin Lopez
beverpa01,Patrick Beverley
quetane01,Neemias Queta
conlemi01,Mike Conley
santogu01,Gui Santos
duranke01,Kevin Durant
highsha01,Haywood Highsmith
porzikr01,Kristaps Porzingis
nesmiaa01,Aaron Nesmith
brownke03,Kendall Brown
porteot01,Otto Porter Jr
ramseja01,Jahmi'us Ramsey
gueyemo02,Mouhamed Gueye
jacksju01,Justin Jackson
durenja01,Jalen Duren
rolliry01,Ryan Rollins
castlco01,Colin Castleton
martico01,Cody Martin
clarkbr01,Brandon Clarke
townska01,Karl-Anthony Towns
mcderdo01,Doug McDermott
harrike01,Kevon Harris
huffja01,Jay Huff
gordoaa01,Aaron Gordon
goodwjo01,Jordan Goodwin
kuminjo01,Jonathan Kuminga
holidju01,Justin Holiday
watanyu01,Yuta Watanabe
richani01,Nick Richards
bambamo01,Mo Bamba
reddica01,Cam Reddish
slawsja01,Jalen Slawson
baglema01,Marvin Bagley III
fultzma01,Markelle Fultz
bouyeja01,Jamaree Bouyea
stewais01,Isaiah Stewart
caldwke01,Kentavious Caldwell-Pope
smithde03,Dennis Smith Jr
woodch01,Christian Wood
barneha02,Harrison Barnes
markkla01,Lauri Markkanen
paytoga02,Gary Payton II
morrimo01,Monte Morris
primojo01,Joshua Primo
carusal01,Alex Caruso
westbru01,Russell Westbrook
rosede01,Derrick Rose
curryst01,Stephen Curry
millele01,Leonard Miller
braunch01,Christian Braun
cainja01,Jamal Cain
derozde01,DeMar DeRozan
divindo01,Donte DiVincenzo
camarto01,Toumani Camara
yurtsom01,Omer Yurtseven
holmeri01,Richaun Holmes
queentr01,Trevelin Queen
garzalu01,Luka Garza
waterli01,Lindy Waters III
niangge01,Georges Niang
moonxa01,Xavier Moon
jackstr02,Trayce Jackson-Davis
cunnica01,Cade Cunningham
reedpa01,Paul Reed
jeromty01,Ty Jerome
leesa01,Saben Lee
merrisa01,Sam Merrill
bridgmi01,Mikal Bridges
banede01,Desmond Bane
zelleco01,Cody Zeller
wisemja01,James Wiseman
dennide01,Dexter Dennis
brownbr01,Bruce Brown
strusma01,Max Strus
evbuoto01,Tosan Evbuomwan
tysonhu01,Hunter Tyson
suggsja01,Jalen Suggs
matthwe02,Wesley Matthews
morrima03,Marcus Morris
gaffoda01,Daniel Gafford
batumni01,Nicolas Batum
coulibi01,Bilal Coulibaly
sharpda01,Day'Ron Sharpe
forretr01,Trent Forrest
bassech01,Charles Bassey
cazalma01,Malcolm Cazalon
smithni01,Nick Smith Jr
looneke01,Kevon Looney
mcdanja01,Jalen McDaniels
robinje02,Jeremiah Robinson-Earl
diabamo01,Moussa Diabate
greenje02,Jeff Green
bernaju01,Jules Bernard
foxde01,De'Aaron Fox
thomaca02,Cam Thomas
swideco01,Cole Swider
bostobr01,Brandon Boston Jr
avdijde01,Deni Avdija
watsope01,Peyton Watson
arcidry01,Ryan Arcidiacono
martica02,Caleb Martin
schrode01,Dennis Schroder
thompam01,Amen Thompson
thorjt01,JT Thor
bookede01,Devin Booker
whitede01,Derrick White
capelca01,Clint Capela
tillmxa01,Xavier Tillman Sr
wongis01,Isaiah Wong
ruperra01,Rayan Rupert
baileam01,Amari Bailey
sochaje01,Jeremy Sochan
joeis01,Isaiah Joe
walkeja02,Jarace Walker
willija06,Jalen Williams
landajo01,Jock Landale
willima07,Mark Williams
brookar01,Armoni Brooks
beysa01,Saddiq Bey
antetgi01,Giannis Antetokounmpo
sengual01,Alperen Sengun
reathdu01,Duop Reath
simmobe01,Ben Simmons
powelno01,Norman Powell
minotjo01,Josh Minott
reaveau01,Austin Reaves
bitimon01,Onuralp Bitim
gilesha01,Harry Giles
blackle01,Leaky Black
murrade01,Dejounte Murray
littlna01,Nassir Little
gordoer01,Eric Gordon
mcdanja02,Jaden McDaniels
bealbr01,Bradley Beal
loftoke01,Kenneth Lofton Jr
vezenal01,Sasha Vezenkov
tshieos01,Oscar Tshiebwe
portibo01,Bobby Portis
sheppbe01,Ben Sheppard
miltosh01,Shake Milton
diakima01,Mamadi Diakite
mcbrimi01,Miles McBride
azubuud01,Udoka Azubuike
korkmfu01,Furkan Korkmaz
champju02,Julian Champagnie
muscami01,Mike Muscala
bogdabo01,Bogdan Bogdanovic
skapidm01,Dmytro Skapintsev
brownmo01,Moses Brown
strawju01,Julian Strawther
greenda02,Danny Green
nurkiju01,Jusuf Nurkic
johnske08,Keyontae Johnson
wilsodj01,DJ Wilson
kuzmaky01,Kyle Kuzma
butleja02,Jared Butler
nancepe01,Pete Nance
murrake02,Keegan Murray
brownko01,Kobe Brown
whitmca01,Cam Whitmore
hylanbo01,Bones Hyland
walkelo01,Lonnie Walker IV
simonan01,Anfernee Simons
moodymo01,Moses Moody
griffaj01,AJ Griffin
jeffrda01,DaQuan Jeffries
fudgeal01,Alex Fudge
robinor01,Orlando Robinson
willija07,Jaylin Williams
mccontj01,TJ McConnell
gibsota01,Taj Gibson
fournev01,Evan Fournier
juzanjo01,Johnny Juzang
gueyemo01,Mouhamadou Gueye
gateska01,Kaiser Gates
poeltja01,Jakob Poeltl
lewiski01,Kira Lewis Jr
robinmi01,Mitchell Robinson
valanjo01,Jonas Valanciunas
jonesda03,Damian Jones
bridgmi02,Miles Bridges
nowelma01,Markquis Nowell
jokicni01,Nikola Jokic
crowdja01,Jae Crowder
liveris01,Isaiah Livers
gabriwe01,Wenyen Gabriel
greenaj01,AJ Green
badjiib01,Ibou Badji
olynyke01,Kelly Olynyk
hardeja01,James Harden
spencpa01,Pat Spencer
vucevni01,Nikola Vucevic
seabrde01,Dereon Seabron
hieldbu01,Buddy Hield
willigr01,Grant Williams
trentga02,Gary Trent Jr
roddyda01,David Roddy
bertada01,Davis Bertans
brissos01,Oshae Brissett
boehebu01,Buddy Boeheim
whiteda01,Dariq Whitehead
quinole01,Lester Quinones
garlada01,Darius Garland
grantje01,Jerami Grant
jacksan01,Andre Jackson Jr
collijo01,John Collins
willizi02,Ziaire Williams
johnske04,Keldon Johnson
hardyja02,Jaden Hardy
metuch01,Chimezie Metu
mathube01,Bennedict Mathurin
mamuksa01,Sandro Mamukelashvili
nixda01,Daishen Nix
wallaca01,Cason Wallace
knoxke01,Kevin Knox
vukcetr01,Tristan Vukcevic
youngtr01,Trae Young
reidna01,Naz Reid
millejo02,Jordan Miller
aytonde01,Deandre Ayton
dosunay01,Ayo Dosunmu
mitchdo01,Donovan Mitchell
vincega01,Gabe Vincent
alvarjo01,Jose Alvarado
jacksre01,Reggie Jackson
fontesi01,Simone Fontecchio
browntr01,Troy Brown Jr
monkma01,Malik Monk
anunoog01,OG Anunoby
murrakr01,Kris Murray
kennalu01,Luke Kennard
sanogad01,Adama Sanogo
jacksqu01,Quenton Jackson
diallha01,Hamidou Diallo
baldwpa01,Patrick Baldwin Jr
siakapa01,Pascal Siakam
irvinky01,Kyrie Irving
hausesa01,Sam Hauser
smithte01,Terquavion Smith
goberru01,Rudy Gobert
pickeja02,Jalen Pickett
fernabr01,Bruno Fernando
jovicni01,Nikola Jovic
coffeam01,Amir Coffey
shamela01,Landry Shamet
davisjd01,JD Davison
poweldw01,Dwight Powell
willipa01,Patrick Williams
flynnma01,Malachi Flynn
hamptrj01,RJ Hampton
williro04,Robert Williams
grimequ01,Quentin Grimes
biyombi01,Bismack Biyombo
smithdr01,Dru Smith
brookdi01,Dillon Brooks
middlkh01,Khris Middleton
onealro01,Royce O'Neale
sensabr01,Brice Sensabaugh
willije02,Jeenathan Williams
jonesde02,Derrick Jones Jr
smartja01,Javonte Smart
councri01,Ricky Council IV
wrighde01,Delon Wright
bateske01,Keita Bates-Diop
clarkjo01,Jordan Clarkson
gilleco01,Collin Gillespie
mathega01,Garrison Mathews
laravja01,Jake LaRavia
weslebl01,Blake Wesley
greenjo02,Josh Green
jacksgg01,GG Jackson II
lopezbr01,Brook Lopez
lenal01,Alex Len
-9999,League Average
mooreta02,Taze Moore
beaslma01,Malik Beasley
georgpa01,Paul George
bouchch01,Chris Boucher
davisjo06,Johnny Davis
vanvlfr01,Fred VanVleet
moorewe01,Wendell Moore Jr
walshjo01,Jordan Walsh
hachiru01,Rui Hachimura
willima11,Malik Williams
howarje01,Jett Howard
chrisma02,Max Christie
warretj01,TJ Warren
toppija01,Jacob Toppin
smithja05,Jabari Smith Jr
micicva01,Vasilije Micic
haywago01,Gordon Hayward
browngr01,Greg Brown III
champju01,Justin Champagnie
hartjo01,Josh Hart
jacksis01,Isaiah Jackson
mitchda01,Davion Mitchell
haganas01,Ashton Hagans
harteis01,Isaiah Hartenstein
samueje01,Jermaine Samuels
barlodo01,Dominick Barlow
dortlu01,Luguentz Dort
murphtr02,Trey Murphy III
pottemi01,Micah Potter
hurtma01,Matthew Hurt
wagnemo01,Moritz Wagner
willial06,Alondes Williams
nowelja01,Jaylen Nowell
moranja01,Ja Morant
marjabo01,Boban Marjanovic
greendr01,Draymond Green
taylote01,Terry Taylor
oubreke01,Kelly Oubre Jr
meltode01,De'Anthony Melton
branhma01,Malaki Branham
bitadgo01,Goga Bitadze
diengou01,Ousmane Dieng
hayesja02,Jaxson Hayes
inglejo01,Joe Ingles
isaacjo01,Jonathan Isaac
josepco01,Cory Joseph
toppiob01,Obi Toppin
agbajoc01,Ochai Agbaji
tuckepj01,PJ Tucker
mayssk01,Skylar Mays
millspa02,Patty Mills
lylestr01,Trey Lyles
adebaba01,Bam Adebayo
princta02,Taurean Prince
greenja05,Jalen Green
lillada01,Damian Lillard
hardati02,Tim Hardaway Jr
keybr01,Braxton Key
hintona01,Nate Hinton
cartodj01,DJ Carton
alexani01,Nickeil Alexander-Walker
johnsja01,James Johnson
richajo01,Josh Richardson
schofad01,Admiral Schofield
cartewe01,Wendell Carter Jr
bolbo01,Bol Bol
fordjo01,Jordan Ford
embiijo01,Joel Embiid
sprinja01,Jaden Springer
toscaju01,Juan Toscano-Anderson
banchpa01,Paolo Banchero
dinwisp01,Spencer Dinwiddie
achiupr01,Precious Achiuwa
barrerj01,RJ Barrett
podzibr01,Brandin Podziemski
morrima02,Markieff Morris
bazleda01,Darius Bazley
covinro01,Robert Covington
bufkiko01,Kobe Bufkin
mobleis01,Isaiah Mobley
tateja01,Jae'Sean Tate
aldamsa01,Santi Aldama
exumda01,Dante Exum
templga01,Garrett Temple
ballla01,LaMelo Ball
elliske01,Keon Ellis
smartma01,Marcus Smart
gilyaja01,Jacob Gilyard
simsje01,Jericho Sims
harrish01,Shaquille Harrison
randlju01,Julius Randle
jordade01,DeAndre Jordan
martike04,KJ Martin
bryanth01,Thomas Bryant
thybuma01,Matisse Thybulle
wiggiaa01,Aaron Wiggins
clownno01,Noah Clowney
zubaciv01,Ivica Zubac
vassede01,Devin Vassell
cissosi01,Sidy Cissoko
wainris01,Ish Wainright
nembhan01,Andrew Nembhard
halibty01,Tyrese Haliburton
mcgeeja01,JaVale McGee
thomptr01,Tristan Thompson
osmande01,Cedi Osman
butleji01,Jimmy Butler
washipj01,PJ Washington
allenti01,Timmy Allen
brunsja01,Jalen Brunson
gilgesh01,Shai Gilgeous-Alexander
eubandr01,Drew Eubanks
manntr01,Tre Mann
omorueu01,Eugene Omoruyi
lundyse01,Seth Lundy
gillan01,Anthony Gill
wiggian01,Andrew Wiggins
kornelu01,Luke Kornet
freemja01,Javon Freeman-Liberty
brockiz01,Izaiah Brockington
wembavi01,Victor Wembanyama
drumman01,Andre Drummond
claxtni01,Nic Claxton
doncilu01,Luka Doncic
willike04,Kenrich Williams
nworajo01,Jordan Nwora
hodgedm01,D'Moi Hodge
blackan01,Anthony Black
jarrede01,DeJon Jarreau
millebr02,Brandon Miller
wagnefr01,Franz Wagner
allenja01,Jarrett Allen
pippesc02,Scotty Pippen Jr
mclaujo01,Jordan McLaughlin
walkeja01,Jabari Walker
connapa01,Pat Connaughton
terryda01,Dalen Terry
okorois01,Isaac Okoro
antetth01,Thanasis Antetokounmpo
payneca01,Cameron Payne
peterdr01,Drew Peterson
crutcja01,Jalen Crutcher
livelde01,Dereck Lively II
harriga01,Gary Harris
allengr01,Grayson Allen
portemi01,Michael Porter Jr
hendrta01,Taylor Hendricks
davisan02,Anthony Davis
thompkl01,Klay Thompson
phillju01,Julian Phillips
anthoco01,Cole Anthony
saricda01,Dario Saric
leonaka01,Kawhi Leonard
youngth01,Thaddeus Young
beaucma01,MarJon Beauchamp
gallida01,Danilo Gallinari
edwarke02,Kessler Edwards
houstca01,Caleb Houstan
robindu01,Duncan Robinson
nancela02,Larry Nance Jr
daniedy01,Dyson Daniels
mensana01,Nathan Mensah
finnedo01,Dorian Finney-Smith
vandeja01,Jarred Vanderbilt
garubus01,Usman Garuba
brownja02,Jaylen Brown
sarrol01,Olivier Sarr
georgke01,Keyonte George
poolejo01,Jordan Poole
giddejo01,Josh Giddey
flaglad01,Adam Flagler
ryanma01,Matt Ryan
russeda01,D'Angelo Russell
hendesc01,Scoot Henderson
pokusal01,Aleksej Pokusevski
robinje01,Jerome Robinson
bantoda01,Dalano Banton
paulch01,Chris Paul
quickim01,Immanuel Quickley
craigto01,Torrey Craig
harrijo01,Joe Harris
brownch02,Charlie Brown Jr
dickgr01,Gradey Dick
burksal01,Alec Burks
anderky01,Kyle Anderson
hawkijo01,Jordan Hawkins
jacksja02,Jaren Jackson Jr
hortota01,Talen Horton-Tucker
murraja01,Jamal Murray
whiteco01,Coby White
dunnkr01,Kris Dunn
wadede01,Dean Wade
herroty01,Tyler Herro
grayra01,RaiQuan Gray
duartch01,Chris Duarte
batesem01,Emoni Bates
huertke01,Kevin Huerter
windldy01,Dylan Windler
klebima01,Maxi Kleber
samanlu01,Luka Samanic
roziete01,Terry Rozier
sextoco01,Collin Sexton
jonestr01,Tre Jones
prospol01,Olivier-Maxence Prosper
lavinza01,Zach LaVine
hoodsja01,Jalen Hood-Schifino
ntilila01,Frank Ntilikina
ingrabr01,Brandon Ingram
turnemy01,Myles Turner
mykhasv01,Svi Mykhailiuk
hukpoar01,Ariel Hukporti
greenja02,Javonte Green
curryse01,Seth Curry
roweja01,Jackson Rowe
johnsja05,Jalen Johnson
castlst01,Stephon Castle
krejcvi01,Vit Krejci
mcgowbr01,Bryce McGowens
furphjo01,Johnny Furphy
dukeda01,David Duke Jr
smithja04,Jalen Smith
portecr01,Craig Porter Jr
okafoja01,Jahlil Okafor
youngja05,Jahmir Young
okongon01,Onyeka Okongwu
carteje01,Jevon Carter
chomcul01,Ulrich Chomche
dowtije01,Jeff Dowtin Jr
easonta01,Tari Eason
liddeej01,EJ Liddell
colliza01,Zach Collins
johnske07,Keon Johnson
balllo01,Lonzo Ball
wilsoja03,Jalen Wilson
washity02,TyTy Washington Jr
johnsca02,Cameron Johnson
tomlina01,Nae'Qwan Tomlin
iveyja01,Jaden Ivey
shannte01,Terrence Shannon Jr
harpero02,Ron Harper Jr
sabondo01,Domantas Sabonis
jonesty01,Tyus Jones
lewisma05,Maxwell Lewis
pullizy01,Zyon Pullin
nnajize01,Zeke Nnaji
kispeco01,Corey Kispert
mccolcj01,CJ McCollum
edwaran01,Anthony Edwards
lawsoaj01,AJ Lawson
willizi01,Zion Williamson
sassema01,Marcus Sasser
barnesc01,Scottie Barnes
stevela01,Lamar Stevens
sharpsh01,Shaedon Sharpe
horfoal01,Al Horford
rhodeja01,Jared Rhoden
jamesle01,LeBron James
matkoka01,Karlo Matkovic
flowetr01,Trentyn Flowers
holidjr01,Jrue Holiday
brogdma01,Malcolm Brogdon
tatumja01,Jayson Tatum
loveke01,Kevin Love
leverca01,Caris LeVert
watfotr01,Trendon Watford
mannte01,Terance Mann
johnsaj01,AJ Johnson
pritcpa01,Payton Pritchard
huntede01,De'Andre Hunter
thompau01,Ausar Thompson
harklej01,Elijah Harkless
mccaija01,Jared McCain
umudest01,Stanley Umude
jaqueja01,Jaime Jaquez Jr
okogijo01,Josh Okogie
hayeski01,Killian Hayes
leeda03,Damion Lee
theisda01,Daniel Theis
spencca01,Cam Spencer
holidaa01,Aaron Holiday
willivi01,Vince Williams Jr
lowryky01,Kyle Lowry
marshna01,Naji Marshall
mobleev01,Evan Mobley
kesslwa01,Walker Kessler
buzelma01,Matas Buzelis
minayju01,Justin Minaya
holmgch01,Chet Holmgren
konchjo01,John Konchar
carlsbr01,Branden Carlson
sheadja01,Jamal Shead
jonesco02,Colby Jones
okekech01,Chuma Okeke
jonesma05,Mason Jones
maxeyty01,Tyrese Maxey
dilliro01,Rob Dillingham
harrito02,Tobias Harris
joneshe01,Herbert Jones
livinch01,Chris Livingston
willibr03,Brandon Williams
jemistr01,Trey Jemison
plumlma01,Mason Plumlee
quetane01,Neemias Queta
conlemi01,Mike Conley
santogu01,Gui Santos
duranke01,Kevin Durant
highsha01,Haywood Highsmith
porzikr01,Kristaps Porzingis
reeseal01,Alex Reese
nesmiaa01,Aaron Nesmith
gueyemo02,Mouhamed Gueye
martija02,Jaylen Martin
durenja01,Jalen Duren
rolliry01,Ryan Rollins
wareke01,Kel'el Ware
kawamyu01,Yuki Kawamura
castlco01,Colin Castleton
clarkbr01,Brandon Clarke
martico01,Cody Martin
townska01,Karl-Anthony Towns
mcderdo01,Doug McDermott
huffja01,Jay Huff
gordoaa01,Aaron Gordon
goodwjo01,Jordan Goodwin
kuminjo01,Jonathan Kuminga
sarral01,Alex Sarr
richani01,Nick Richards
willico04,Cody Williams
bambamo01,Mo Bamba
edeyza01,Zach Edey
reddica01,Cam Reddish
baglema01,Marvin Bagley III
fultzma01,Markelle Fultz
bouyeja01,Jamaree Bouyea
stewais01,Isaiah Stewart
caldwke01,Kentavious Caldwell-Pope
brookke02,Keion Brooks Jr
barneha02,Harrison Barnes
markkla01,Lauri Markkanen
hollaro01,Ron Holland
paytoga02,Gary Payton II
morrimo01,Monte Morris
carusal01,Alex Caruso
westbru01,Russell Westbrook
carrica01,Bub Carrington
curryst01,Stephen Curry
millele01,Leonard Miller
braunch01,Christian Braun
cainja01,Jamal Cain
derozde01,DeMar DeRozan
divindo01,Donte DiVincenzo
camarto01,Toumani Camara
holmeri01,Richaun Holmes
queentr01,Trevelin Queen
garzalu01,Luka Garza
waterli01,Lindy Waters III
steveis01,Isaiah Stevens
niangge01,Georges Niang
jackstr02,Trayce Jackson-Davis
cunnica01,Cade Cunningham
jeromty01,Ty Jerome
reedpa01,Paul Reed
merrisa01,Sam Merrill
bridgmi01,Mikal Bridges
banede01,Desmond Bane
wisemja01,James Wiseman
brownbr01,Bruce Brown
strusma01,Max Strus
evbuoto01,Tosan Evbuomwan
tysonhu01,Hunter Tyson
dunnry01,Ryan Dunn
suggsja01,Jalen Suggs
gaffoda01,Daniel Gafford
ducasal01,Alex Ducas
batumni01,Nicolas Batum
coulibi01,Bilal Coulibaly
sharpda01,Day'Ron Sharpe
smithto05,Tolu Smith
kolokch01,Christian Koloko
bassech01,Charles Bassey
filipky01,Kyle Filipowski
smithni01,Nick Smith Jr
looneke01,Kevon Looney
robinje02,Jeremiah Robinson-Earl
mcdanja01,Jalen McDaniels
diabamo01,Moussa Diabate
greenje02,Jeff Green
nfalyda01,N'Faly Dante
foxde01,De'Aaron Fox
thomaca02,Cam Thomas
swideco01,Cole Swider
bostobr01,Brandon Boston Jr
edwarje01,Jesse Edwards
avdijde01,Deni Avdija
travelu01,Luke Travers
watsope01,Peyton Watson
martica02,Caleb Martin
schrode01,Dennis Schroder
thompam01,Amen Thompson
thorjt01,JT Thor
paytoel01,Elfrid Payton
bookede01,Devin Booker
whitede01,Derrick White
beekmre01,Reece Beekman
capelca01,Clint Capela
wongis01,Isaiah Wong
tillmxa01,Xavier Tillman Sr
ruperra01,Rayan Rupert
sochaje01,Jeremy Sochan
labissk01,Skal Labissiere
joeis01,Isaiah Joe
walkeja02,Jarace Walker
willija06,Jalen Williams
landajo01,Jock Landale
willima07,Mark Williams
colliis01,Isaiah Collier
antetgi01,Giannis Antetokounmpo
sengual01,Alperen Sengun
reathdu01,Duop Reath
simmobe01,Ben Simmons
powelno01,Norman Powell
minotjo01,Josh Minott
reaveau01,Austin Reaves
mccluma01,Mac McClung
murrade01,Dejounte Murray
gordoer01,Eric Gordon
mcdanja02,Jaden McDaniels
bealbr01,Bradley Beal
tshieos01,Oscar Tshiebwe
portibo01,Bobby Portis
sheppbe01,Ben Sheppard
miltosh01,Shake Milton
mcbrimi01,Miles McBride
tysonja01,Jaylon Tyson
champju02,Julian Champagnie
bogdabo01,Bogdan Bogdanovic
brownmo01,Moses Brown
strawju01,Julian Strawther
nurkiju01,Jusuf Nurkic
clingdo01,Donovan Clingan
dasiltr01,Tristan Da Silva
kuzmaky01,Kyle Kuzma
simpskj01,KJ Simpson
butleja02,Jared Butler
nancepe01,Pete Nance
murrake02,Keegan Murray
brownko01,Kobe Brown
sheppre01,Reed Sheppard
whitmca01,Cam Whitmore
hylanbo01,Bones Hyland
georgky01,Kyshawn George
walkelo01,Lonnie Walker IV
simonan01,Anfernee Simons
moodymo01,Moses Moody
jeffrda01,DaQuan Jeffries
knechda01,Dalton Knecht
robinor01,Orlando Robinson
willija07,Jaylin Williams
mccontj01,TJ McConnell
klintbo01,Bobi Klintman
gibsota01,Taj Gibson
wheelph02,Phillip Wheeler
juzanjo01,Johnny Juzang
poeltja01,Jakob Poeltl
robinmi01,Mitchell Robinson
valanjo01,Jonas Valanciunas
bridgmi02,Miles Bridges
jokicni01,Nikola Jokic
crowdja01,Jae Crowder
minixri01,Riley Minix
greenaj01,AJ Green
gortmja01,Jazian Gortman
olynyke01,Kelly Olynyk
hardeja01,James Harden
spencpa01,Pat Spencer
vucevni01,Nikola Vucevic
battlja01,Jamison Battle
hieldbu01,Buddy Hield
willigr01,Grant Williams
trentga02,Gary Trent Jr
roddyda01,David Roddy
brissos01,Oshae Brissett
simsja01,Jaylen Sims
whiteda01,Dariq Whitehead
quinole01,Lester Quinones
chrisca02,Cam Christie
garlada01,Darius Garland
grantje01,Jerami Grant
jacksan01,Andre Jackson Jr
newtotr01,Tristen Newton
collijo01,John Collins
willizi02,Ziaire Williams
johnske04,Keldon Johnson
hardyja02,Jaden Hardy
mathube01,Bennedict Mathurin
baughda01,Damion Baugh
edwarju01,Justin Edwards
mamuksa01,Sandro Mamukelashvili
nixda01,Daishen Nix
wallaca01,Cason Wallace
vukcetr01,Tristan Vukcevic
knoxke01,Kevin Knox
youngtr01,Trae Young
reidna01,Naz Reid
millejo02,Jordan Miller
aytonde01,Deandre Ayton
mitchdo01,Donovan Mitchell
vincega01,Gabe Vincent
dosunay01,Ayo Dosunmu
alvarjo01,Jose Alvarado
fontesi01,Simone Fontecchio
jacksre01,Reggie Jackson
monkma01,Malik Monk
anunoog01,OG Anunoby
plowdda01,Daeqwon Plowden
murrakr01,Kris Murray
kennalu01,Luke Kennard
sanogad01,Adama Sanogo
jacksqu01,Quenton Jackson
baldwpa01,Patrick Baldwin Jr
siakapa01,Pascal Siakam
irvinky01,Kyrie Irving
hausesa01,Sam Hauser
goberru01,Rudy Gobert
pickeja02,Jalen Pickett
fernabr01,Bruno Fernando
jovicni01,Nikola Jovic
coffeam01,Amir Coffey
shamela01,Landry Shamet
davisjd01,JD Davison
poweldw01,Dwight Powell
bradlto01,Tony Bradley
willipa01,Patrick Williams
wallake01,Keaton Wallace
doziepj01,PJ Dozier
crawfis01,Isaiah Crawford
flynnma01,Malachi Flynn
williro04,Robert Williams
grimequ01,Quentin Grimes
biyombi01,Bismack Biyombo
smithdr01,Dru Smith
brookdi01,Dillon Brooks
middlkh01,Khris Middleton
onealro01,Royce O'Neale
sensabr01,Brice Sensabaugh
willije02,Jeenathan Williams
jonesde02,Derrick Jones Jr
councri01,Ricky Council IV
wrighde01,Delon Wright
leonsma01,Malevy Leons
scheiba01,Baylor Scheierman
clarkjo01,Jordan Clarkson
gilleco01,Collin Gillespie
mathega01,Garrison Mathews
mitchaj01,Ajay Mitchell
laravja01,Jake LaRavia
weslebl01,Blake Wesley
greenjo02,Josh Green
mcculke01,Kevin McCullar Jr
jacksgg01,GG Jackson II
lopezbr01,Brook Lopez
lenal01,Alex Len
-9999,League Average
mooreta02,Taze Moore
beaslma01,Malik Beasley
georgpa01,Paul George
bouchch01,Chris Boucher
davisjo06,Johnny Davis
vanvlfr01,Fred VanVleet
moorewe01,Wendell Moore Jr
walshjo01,Jordan Walsh
hachiru01,Rui Hachimura
timmedr01,Drew Timme
howarje01,Jett Howard
chrisma02,Max Christie
yabusgu01,Guerschon Yabusele
toppija01,Jacob Toppin
smithja05,Jabari Smith Jr
micicva01,Vasilije Micic
champju01,Justin Champagnie
chrisjo01,Josh Christopher
hartjo01,Josh Hart
jacksis01,Isaiah Jackson
mitchda01,Davion Mitchell
robbili01,Liam Robbins
harteis01,Isaiah Hartenstein
norrimi01,Miles Norris
barlodo01,Dominick Barlow
dortlu01,Luguentz Dort
murphtr02,Trey Murphy III
pottemi01,Micah Potter
wagnemo01,Moritz Wagner
willial06,Alondes Williams
larsspe01,Pelle Larsson
jonesis01,Isaac Jones
nowelja01,Jaylen Nowell
moranja01,Ja Morant
greendr01,Draymond Green
taylote01,Terry Taylor
oubreke01,Kelly Oubre Jr
meltode01,De'Anthony Melton
bitadgo01,Goga Bitadze
branhma01,Malaki Branham
diengou01,Ousmane Dieng
hayesja02,Jaxson Hayes
inglejo01,Joe Ingles
isaacjo01,Jonathan Isaac
olivaqu01,Quincy Olivari
josepco01,Cory Joseph
toppiob01,Obi Toppin
agbajoc01,Ochai Agbaji
tuckepj01,PJ Tucker
millspa02,Patty Mills
lylestr01,Trey Lyles
adebaba01,Bam Adebayo
salauti01,Tidjane Salaun
reevean01,Antonio Reeves
armeltr01,Armel Traore
princta02,Taurean Prince
postqu01,Quinten Post
greenja05,Jalen Green
lillada01,Damian Lillard
watsoan02,Anton Watson
hardati02,Tim Hardaway Jr
keybr01,Braxton Key
martity01,Tyrese Martin
johnske10,Keshad Johnson
cartodj01,DJ Carton
alexani01,Nickeil Alexander-Walker
johnsja01,James Johnson
richajo01,Josh Richardson
cartewe01,Wendell Carter Jr
bolbo01,Bol Bol
embiijo01,Joel Embiid
sprinja01,Jaden Springer
walteja01,Ja'Kobe Walter
bonaad01,Adem Bona
banchpa01,Paolo Banchero
dinwisp01,Spencer Dinwiddie
etienty01,Tyson Etienne
achiupr01,Precious Achiuwa
barrerj01,RJ Barrett
cartede02,Devin Carter
milleem01,Emanuel Miller
podzibr01,Brandin Podziemski
morrima02,Markieff Morris
baglema02,Marcus Bagley
bufkiko01,Kobe Bufkin
bridgja01,Jalen Bridges
ingraha01,Harrison Ingram
mobleis01,Isaiah Mobley
kelleky01,Kylor Kelley
tateja01,Jae'Sean Tate
aldamsa01,Santi Aldama
exumda01,Dante Exum
templga01,Garrett Temple
ballla01,LaMelo Ball
jonesdi01,Dillon Jones
elliske01,Keon Ellis
smartma01,Marcus Smart
simsje01,Jericho Sims
randlju01,Julius Randle
jordade01,DeAndre Jordan
martike04,KJ Martin
bryanth01,Thomas Bryant
wiggiaa01,Aaron Wiggins
clownno01,Noah Clowney
thybuma01,Matisse Thybulle
zubaciv01,Ivica Zubac
freemen01,Enrique Freeman
vassede01,Devin Vassell
cissosi01,Sidy Cissoko
nembhan01,Andrew Nembhard
halibty01,Tyrese Haliburton
thomptr01,Tristan Thompson
jenkida01,Daniss Jenkins
butleji01,Jimmy Butler
mogbojo01,Jonathan Mogbo
washipj01,PJ Washington
colliyu01,Yuri Collins
porteke02,Kevin Porter Jr
kolekty01,Tyler Kolek
gilgesh01,Shai Gilgeous-Alexander
brunsja01,Jalen Brunson
eubandr01,Drew Eubanks
manntr01,Tre Mann
dennira01,RayJ Dennis
alexatr01,Trey Alexander
gillan01,Anthony Gill
adamsst01,Steven Adams
garrema01,Marcus Garrett
risacza01,Zaccharie Risacher
wiggian01,Andrew Wiggins
kornelu01,Luke Kornet
smithty02,Tyler Smith
wembavi01,Victor Wembanyama
drumman01,Andre Drummond
claxtni01,Nic Claxton
doncilu01,Luka Doncic
willike04,Kenrich Williams
blackan01,Anthony Black
wagnefr01,Franz Wagner
millebr02,Brandon Miller
allenja01,Jarrett Allen
pippesc02,Scotty Pippen Jr
mclaujo01,Jordan McLaughlin
walkeja01,Jabari Walker
terryda01,Dalen Terry
connapa01,Pat Connaughton
mcveija01,Jack McVeigh
okorois01,Isaac Okoro
jonessp01,Spencer Jones
payneca01,Cameron Payne
peterdr01,Drew Peterson
livelde01,Dereck Lively II
harriga01,Gary Harris
allengr01,Grayson Allen
portemi01,Michael Porter Jr
hendrta01,Taylor Hendricks
davisan02,Anthony Davis
thompkl01,Klay Thompson
phillju01,Julian Phillips
anthoco01,Cole Anthony
ighodos01,Oso Ighodaro
saricda01,Dario Saric
leonaka01,Kawhi Leonard
beaucma01,MarJon Beauchamp
edwarke02,Kessler Edwards
missiyv01,Yves Missi
houstca01,Caleb Houstan
robindu01,Duncan Robinson
nancela02,Larry Nance Jr
daniedy01,Dyson Daniels
finnedo01,Dorian Finney-Smith
vandeja01,Jarred Vanderbilt
daviste02,Terence Davis
brownja02,Jaylen Brown
georgke01,Keyonte George
giddejo01,Josh Giddey
poolejo01,Jordan Poole
flaglad01,Adam Flagler
ryanma01,Matt Ryan
russeda01,D'Angelo Russell
dadiepa01,Pacome Dadiet
hendesc01,Scoot Henderson
hallpj01,PJ Hall
bantoda01,Dalano Banton
paulch01,Chris Paul
wellsja01,Jaylen Wells
quickim01,Immanuel Quickley
craigto01,Torrey Craig
clarkja02,Jaylen Clark
cuiyo01,Cui Yongxi
dickgr01,Gradey Dick
burksal01,Alec Burks
anderky01,Kyle Anderson
hawkijo01,Jordan Hawkins
jacksja02,Jaren Jackson Jr
hortota01,Talen Horton-Tucker
murraja01,Jamal Murray
whiteco01,Coby White
dunnkr01,Kris Dunn
wadede01,Dean Wade
cancavl01,Vlatko Cancar
herroty01,Tyler Herro
batesem01,Emoni Bates
duartch01,Chris Duarte
huertke01,Kevin Huerter
klebima01,Maxi Kleber
roziete01,Terry Rozier
sextoco01,Collin Sexton
joneska01,Kai Jones
jonestr01,Tre Jones
prospol01,Olivier-Maxence Prosper
lavinza01,Zach LaVine
hoodsja01,Jalen Hood-Schifino
jamesbr02,Bronny James
